PVS-0 Mount,$400.00,$0.00,,100%,$400.00,,,,,
Luke Chen,Budget,Spent,Percent Left,,Budget Left,,,,,
Item,Purchase Link,Alternate Links,Notes,Qty. ,Unit Cost,Shipping Fee,Total,Status,Date Ordered,Date Recieved
helmet/skullcrusher,,,,,,,$0.00,Tentative,,
wilcox dovetail piece,,,,,,,$0.00,Tentative,,
g24 style mount (if i have money),,,,,,,$0.00,Tentative,,
sendcutsend machined parts??? (or asad's custom cnc),,,,,,,$0.00,Tentative,,
Helmet pads,Amazon,,,,,,$0.00,Tentative,,
,,,,,,,$0.00,Tentative,,
,,,,,,,$0.00,Tentative,,
,,,,,,,$0.00,Tentative,,
,,,,,,,$0.00,Tentative,,
,,,,,,,$0.00,Tentative,,
,,,,,,,$0.00,Tentative,,
,,,,,,,$0.00,Tentative,,
,,,,,,,$0.00,Tentative,,
,,,,,,,$0.00,Tentative,,
,,,,,,,$0.00,Tentative,,
,,,,,,,$0.00,Tentative,,
,,,,,,,$0.00,Tentative,,
,,,,,,,$0.00,Tentative,,
,,,,,,,$0.00,Tentative,,
,,,,,,,$0.00,Tentative,,
,,,,,,,$0.00,Tentative,,
,,,,,,,$0.00,Tentative,,
,,,,,,,$0.00,Tentative,,
,,,,,,,$0.00,Tentative,,
,,,,,,,$0.00,Tentative,,
,,,,,,,$0.00,Tentative,,
,,,,,,,$0.00,Tentative,,
,,,,,,,$0.00,Tentative,,
,,,,,,,$0.00,Tentative,,
,,,,,,,$0.00,Tentative,,
,,,,,,,$0.00,Tentative,,
,,,,,,,$0.00,Tentative,,
,,,,,,,$0.00,Tentative,,
,,,,,,,$0.00,Tentative,,
,,,,,,,$0.00,Tentative,,
,,,,,,,$0.00,Tentative,,
,,,,,,,$0.00,Tentative,,
,,,,,,,$0.00,Tentative,,
,,,,,,,$0.00,Tentative,,
,,,,,,,$0.00,Tentative,,
,,,,,,,$0.00,Tentative,,
,,,,,,,$0.00,Tentative,,
,,,,,,,$0.00,Tentative,,
,,,,,,,$0.00,Tentative,,
,,,,,,,$0.00,Tentative,,
,,,,,,,$0.00,Tentative,,
,,,,,,,$0.00,Tentative,,
,,,,,,,$0.00,Tentative,,
,,,,,,,$0.00,Tentative,,
,,,,,,,$0.00,Tentative,,
,,,,,,,$0.00,Tentative,,
,,,,,,,$0.00,Tentative,,
,,,,,,,$0.00,Tentative,,
,,,,,,,$0.00,Tentative,,
,,,,,,,$0.00,Tentative,,
,,,,,,,$0.00,Tentative,,
,,,,,,,$0.00,Tentative,,
,,,,,,,$0.00,Tentative,,
,,,,,,,$0.00,Tentative,,
,,,,,,,$0.00,Tentative,,
,,,,,,,$0.00,Tentative,,
,,,,,,,$0.00,Tentative,,
,,,,,,,$0.00,Tentative,,
,,,,,,,$0.00,Tentative,,
,,,,,,,$0.00,Tentative,,
,,,,,,,$0.00,Tentative,,
,,,,,,,$0.00,Tentative,,
,,,,,,,$0.00,Tentative,,
,,,,,,,$0.00,Tentative,,
,,,,,,,$0.00,Tentative,,
,,,,,,,$0.00,Tentative,,
,,,,,,,$0.00,Tentative,,
,,,,,,,$0.00,Tentative,,
,,,,,,,$0.00,Tentative,,
,,,,,,,$0.00,Tentative,,
,,,,,,,$0.00,Tentative,,
,,,,,,,$0.00,Tentative,,
,,,,,,,$0.00,Tentative,,
,,,,,,,$0.00,Tentative,,
,,,,,,,$0.00,Tentative,,
,,,,,,,$0.00,Tentative,,
,,,,,,,$0.00,Tentative,,
,,,,,,,$0.00,Tentative,,
,,,,,,,$0.00,Tentative,,
,,,,,,,$0.00,Tentative,,
,,,,,,,$0.00,Tentative,,
,,,,,,,$0.00,Tentative,,
,,,,,,,$0.00,Tentative,,
,,,,,,,$0.00,Tentative,,
,,,,,,,$0.00,Tentative,,
,,,,,,,$0.00,Tentative,,
,,,,,,,$0.00,Tentative,,
,,,,,,,$0.00,Tentative,,
,,,,,,,$0.00,Tentative,,
,,,,,,,$0.00,Tentative,,
,,,,,,,$0.00,Tentative,,
,,,,,,,$0.00,Tentative,,
,,,,,,,,Tentative,,
,,,,,,,,Tentative,,
,,,,,,,,Tentative,,
,,,,,,,,Tentative,,
,,,,,,,,Tentative,,
,,,,,,,,Tentative,,
,,,,,,,,Tentative,,
,,,,,,,,Tentative,,
,,,,,,,,Tentative,,
,,,,,,,,Tentative,,
,,,,,,,,Tentative,,
,,,,,,,,Tentative,,
,,,,,,,,Tentative,,
,,,,,,,,Tentative,,
,,,,,,,,Tentative,,
,,,,,,,,Tentative,,
,,,,,,,,Tentative,,
,,,,,,,,Tentative,,
,,,,,,,,Tentative,,
,,,,,,,,Tentative,,
,,,,,,,,Tentative,,
,,,,,,,,Tentative,,
,,,,,,,,Tentative,,
,,,,,,,,Tentative,,
,,,,,,,,Tentative,,
,,,,,,,,Tentative,,
,,,,,,,,Tentative,,
,,,,,,,,Tentative,,
,,,,,,,,Tentative,,
,,,,,,,,Tentative,,
,,,,,,,,Tentative,,
,,,,,,,,Tentative,,
,,,,,,,,Tentative,,
,,,,,,,,Tentative,,
,,,,,,,,Tentative,,
,,,,,,,,Tentative,,
,,,,,,,,Tentative,,
,,,,,,,,Tentative,,
,,,,,,,,Tentative,,
,,,,,,,,Tentative,,
,,,,,,,,Tentative,,
,,,,,,,,Tentative,,
,,,,,,,,Tentative,,
,,,,,,,,Tentative,,
,,,,,,,,Tentative,,
,,,,,,,,Tentative,,
,,,,,,,,Tentative,,
,,,,,,,,Tentative,,
,,,,,,,,Tentative,,
,,,,,,,,Tentative,,
,,,,,,,,Tentative,,
,,,,,,,,Tentative,,
,,,,,,,,Tentative,,
,,,,,,,,Tentative,,
,,,,,,,,Tentative,,
,,,,,,,,Tentative,,
,,,,,,,,Tentative,,
,,,,,,,,Tentative,,
,,,,,,,,Tentative,,
,,,,,,,,Tentative,,
,,,,,,,,Tentative,,
,,,,,,,,Tentative,,
,,,,,,,,Tentative,,
,,,,,,,,Tentative,,
,,,,,,,,Tentative,,
,,,,,,,,Tentative,,
,,,,,,,,Tentative,,
,,,,,,,,Tentative,,
,,,,,,,,Tentative,,
,,,,,,,,Tentative,,
,,,,,,,,Tentative,,
,,,,,,,,Tentative,,
,,,,,,,,Tentative,,
,,,,,,,,Tentative,,
,,,,,,,,Tentative,,
,,,,,,,,Tentative,,
,,,,,,,,Tentative,,
,,,,,,,,Tentative,,
,,,,,,,,Tentative,,
,,,,,,,,Tentative,,
,,,,,,,,Tentative,,
,,,,,,,,Tentative,,
,,,,,,,,Tentative,,
,,,,,,,,Tentative,,
,,,,,,,,Tentative,,
,,,,,,,,Tentative,,
,,,,,,,,Tentative,,
,,,,,,,,Tentative,,
,,,,,,,,Tentative,,
,,,,,,,,Tentative,,
,,,,,,,,Tentative,,
,,,,,,,,Tentative,,
,,,,,,,,Tentative,,
,,,,,,,,Tentative,,
,,,,,,,,Tentative,,
,,,,,,,,Tentative,,
,,,,,,,,Tentative,,
,,,,,,,,Tentative,,
,,,,,,,,Tentative,,
,,,,,,,,Tentative,,
,,,,,,,,Tentative,,
,,,,,,,,Tentative,,
,,,,,,,,Tentative,,
,,,,,,,,Tentative,,
,,,,,,,,Tentative,,
,,,,,,,,Tentative,,
,,,,,,,,Tentative,,
,,,,,,,,Tentative,,
,,,,,,,,Tentative,,
,,,,,,,,Tentative,,
,,,,,,,,Tentative,,
,,,,,,,,Tentative,,
,,,,,,,,Tentative,,
,,,,,,,,Tentative,,
,,,,,,,,Tentative,,
,,,,,,,,Tentative,,
,,,,,,,,Tentative,,
,,,,,,,,Tentative,,
,,,,,,,,Tentative,,
,,,,,,,,Tentative,,
,,,,,,,,Tentative,,
,,,,,,,,Tentative,,
,,,,,,,,Tentative,,
,,,,,,,,Tentative,,
,,,,,,,,Tentative,,
,,,,,,,,Tentative,,
,,,,,,,,Tentative,,
,,,,,,,,Tentative,,
,,,,,,,,Tentative,,
,,,,,,,,Tentative,,
,,,,,,,,Tentative,,
,,,,,,,,Tentative,,
,,,,,,,,Tentative,,
,,,,,,,,Tentative,,
,,,,,,,,Tentative,,
,,,,,,,,Tentative,,
,,,,,,,,Tentative,,
,,,,,,,,Tentative,,
,,,,,,,,Tentative,,
,,,,,,,,Tentative,,
,,,,,,,,Tentative,,
,,,,,,,,Tentative,,
,,,,,,,,Tentative,,
,,,,,,,,Tentative,,
,,,,,,,,Tentative,,
,,,,,,,,Tentative,,
,,,,,,,,Tentative,,
,,,,,,,,Tentative,,
,,,,,,,,Tentative,,
,,,,,,,,Tentative,,
,,,,,,,,Tentative,,
,,,,,,,,Tentative,,
,,,,,,,,Tentative,,
,,,,,,,,Tentative,,
,,,,,,,,Tentative,,
,,,,,,,,Tentative,,
,,,,,,,,Tentative,,
,,,,,,,,Tentative,,
,,,,,,,,Tentative,,
,,,,,,,,Tentative,,
,,,,,,,,Tentative,,
,,,,,,,,Tentative,,
,,,,,,,,Tentative,,
,,,,,,,,Tentative,,
,,,,,,,,Tentative,,
,,,,,,,,Tentative,,
,,,,,,,,Tentative,,
,,,,,,,,Tentative,,
,,,,,,,,Tentative,,
,,,,,,,,Tentative,,
,,,,,,,,Tentative,,
,,,,,,,,Tentative,,
,,,,,,,,Tentative,,
,,,,,,,,Tentative,,
,,,,,,,,Tentative,,
,,,,,,,,Tentative,,
,,,,,,,,Tentative,,
,,,,,,,,Tentative,,
,,,,,,,,Tentative,,
,,,,,,,,Tentative,,
,,,,,,,,Tentative,,
,,,,,,,,Tentative,,
,,,,,,,,Tentative,,
,,,,,,,,Tentative,,
,,,,,,,,Tentative,,
,,,,,,,,Tentative,,
,,,,,,,,Tentative,,
,,,,,,,,Tentative,,
,,,,,,,,Tentative,,
,,,,,,,,Tentative,,
,,,,,,,,Tentative,,
,,,,,,,,Tentative,,
,,,,,,,,Tentative,,
,,,,,,,,Tentative,,
,,,,,,,,Tentative,,
,,,,,,,,Tentative,,
,,,,,,,,Tentative,,
,,,,,,,,Tentative,,
,,,,,,,,Tentative,,
,,,,,,,,Tentative,,
,,,,,,,,Tentative,,
,,,,,,,,Tentative,,
,,,,,,,,Tentative,,
,,,,,,,,Tentative,,
,,,,,,,,Tentative,,
,,,,,,,,Tentative,,
,,,,,,,,Tentative,,
,,,,,,,,Tentative,,
,,,,,,,,Tentative,,
,,,,,,,,Tentative,,
,,,,,,,,Tentative,,
,,,,,,,,Tentative,,
,,,,,,,,Tentative,,
,,,,,,,,Tentative,,
,,,,,,,,Tentative,,
,,,,,,,,Tentative,,
,,,,,,,,Tentative,,
,,,,,,,,Tentative,,
,,,,,,,,Tentative,,
,,,,,,,,Tentative,,
,,,,,,,,Tentative,,
,,,,,,,,Tentative,,
,,,,,,,,Tentative,,
,,,,,,,,Tentative,,
,,,,,,,,Tentative,,
,,,,,,,,Tentative,,
,,,,,,,,Tentative,,
,,,,,,,,Tentative,,
,,,,,,,,Tentative,,
,,,,,,,,Tentative,,
,,,,,,,,Tentative,,
,,,,,,,,Tentative,,
,,,,,,,,Tentative,,
,,,,,,,,Tentative,,
,,,,,,,,Tentative,,
,,,,,,,,Tentative,,
,,,,,,,,Tentative,,
,,,,,,,,Tentative,,
,,,,,,,,Tentative,,
,,,,,,,,Tentative,,
,,,,,,,,Tentative,,
,,,,,,,,Tentative,,
,,,,,,,,Tentative,,
,,,,,,,,Tentative,,
,,,,,,,,Tentative,,
,,,,,,,,Tentative,,
,,,,,,,,Tentative,,
,,,,,,,,Tentative,,
,,,,,,,,Tentative,,
,,,,,,,,Tentative,,
,,,,,,,,Tentative,,
,,,,,,,,Tentative,,
,,,,,,,,Tentative,,
,,,,,,,,Tentative,,
,,,,,,,,Tentative,,
,,,,,,,,Tentative,,
,,,,,,,,Tentative,,
,,,,,,,,Tentative,,
,,,,,,,,Tentative,,
,,,,,,,,Tentative,,
,,,,,,,,Tentative,,
,,,,,,,,Tentative,,
,,,,,,,,Tentative,,
,,,,,,,,Tentative,,
,,,,,,,,Tentative,,
,,,,,,,,Tentative,,
,,,,,,,,Tentative,,
,,,,,,,,Tentative,,
,,,,,,,,Tentative,,
,,,,,,,,Tentative,,
,,,,,,,,Tentative,,
,,,,,,,,Tentative,,
,,,,,,,,Tentative,,
,,,,,,,,Tentative,,
,,,,,,,,Tentative,,
,,,,,,,,Tentative,,
,,,,,,,,Tentative,,
,,,,,,,,Tentative,,
,,,,,,,,Tentative,,
,,,,,,,,Tentative,,
,,,,,,,,Tentative,,
,,,,,,,,Tentative,,
,,,,,,,,Tentative,,
,,,,,,,,Tentative,,
,,,,,,,,Tentative,,
,,,,,,,,Tentative,,
,,,,,,,,Tentative,,
,,,,,,,,Tentative,,
,,,,,,,,Tentative,,
,,,,,,,,Tentative,,
,,,,,,,,Tentative,,
,,,,,,,,Tentative,,
,,,,,,,,Tentative,,
,,,,,,,,Tentative,,
,,,,,,,,Tentative,,
,,,,,,,,Tentative,,
,,,,,,,,Tentative,,
,,,,,,,,Tentative,,
,,,,,,,,Tentative,,
,,,,,,,,Tentative,,
,,,,,,,,Tentative,,
,,,,,,,,Tentative,,
,,,,,,,,Tentative,,
,,,,,,,,Tentative,,
,,,,,,,,Tentative,,
,,,,,,,,Tentative,,
,,,,,,,,Tentative,,
,,,,,,,,Tentative,,
,,,,,,,,Tentative,,
,,,,,,,,Tentative,,
,,,,,,,,Tentative,,
,,,,,,,,Tentative,,
,,,,,,,,Tentative,,
,,,,,,,,Tentative,,
,,,,,,,,Tentative,,
,,,,,,,,Tentative,,
,,,,,,,,Tentative,,
,,,,,,,,Tentative,,
,,,,,,,,Tentative,,
,,,,,,,,Tentative,,
,,,,,,,,Tentative,,
,,,,,,,,Tentative,,
,,,,,,,,Tentative,,
,,,,,,,,Tentative,,
,,,,,,,,Tentative,,
,,,,,,,,Tentative,,
,,,,,,,,Tentative,,
,,,,,,,,Tentative,,
,,,,,,,,Tentative,,
,,,,,,,,Tentative,,
,,,,,,,,Tentative,,
,,,,,,,,Tentative,,
,,,,,,,,Tentative,,
,,,,,,,,Tentative,,
,,,,,,,,Tentative,,
,,,,,,,,Tentative,,
,,,,,,,,Tentative,,
,,,,,,,,Tentative,,
,,,,,,,,Tentative,,
,,,,,,,,Tentative,,
,,,,,,,,Tentative,,
,,,,,,,,Tentative,,
,,,,,,,,Tentative,,
,,,,,,,,Tentative,,
,,,,,,,,Tentative,,
,,,,,,,,Tentative,,
,,,,,,,,Tentative,,
,,,,,,,,Tentative,,
,,,,,,,,Tentative,,
,,,,,,,,Tentative,,
,,,,,,,,Tentative,,
,,,,,,,,Tentative,,
,,,,,,,,Tentative,,
,,,,,,,,Tentative,,
,,,,,,,,Tentative,,
,,,,,,,,Tentative,,
,,,,,,,,Tentative,,
,,,,,,,,Tentative,,
,,,,,,,,Tentative,,
,,,,,,,,Tentative,,
,,,,,,,,Tentative,,
,,,,,,,,Tentative,,
,,,,,,,,Tentative,,
,,,,,,,,Tentative,,
,,,,,,,,Tentative,,
,,,,,,,,Tentative,,
,,,,,,,,Tentative,,
,,,,,,,,Tentative,,
,,,,,,,,Tentative,,
,,,,,,,,Tentative,,
,,,,,,,,Tentative,,
,,,,,,,,Tentative,,
,,,,,,,,Tentative,,
,,,,,,,,Tentative,,
,,,,,,,,Tentative,,
,,,,,,,,Tentative,,
,,,,,,,,Tentative,,
,,,,,,,,Tentative,,
,,,,,,,,Tentative,,
,,,,,,,,Tentative,,
,,,,,,,,Tentative,,
,,,,,,,,Tentative,,
,,,,,,,,Tentative,,
,,,,,,,,Tentative,,
,,,,,,,,Tentative,,
,,,,,,,,Tentative,,
,,,,,,,,Tentative,,
,,,,,,,,Tentative,,
,,,,,,,,Tentative,,
,,,,,,,,Tentative,,
,,,,,,,,Tentative,,
,,,,,,,,Tentative,,
,,,,,,,,Tentative,,
,,,,,,,,Tentative,,
,,,,,,,,Tentative,,
,,,,,,,,Tentative,,
,,,,,,,,Tentative,,
,,,,,,,,Tentative,,
,,,,,,,,Tentative,,
,,,,,,,,Tentative,,
,,,,,,,,Tentative,,
,,,,,,,,Tentative,,
,,,,,,,,Tentative,,
,,,,,,,,Tentative,,
,,,,,,,,Tentative,,
,,,,,,,,Tentative,,
,,,,,,,,Tentative,,
,,,,,,,,Tentative,,
,,,,,,,,Tentative,,
,,,,,,,,Tentative,,
,,,,,,,,Tentative,,
,,,,,,,,Tentative,,
,,,,,,,,Tentative,,
,,,,,,,,Tentative,,
,,,,,,,,Tentative,,
,,,,,,,,Tentative,,
,,,,,,,,Tentative,,
,,,,,,,,Tentative,,
,,,,,,,,Tentative,,
,,,,,,,,Tentative,,
,,,,,,,,Tentative,,
,,,,,,,,Tentative,,
,,,,,,,,Tentative,,
,,,,,,,,Tentative,,
,,,,,,,,Tentative,,
,,,,,,,,Tentative,,
,,,,,,,,Tentative,,
,,,,,,,,Tentative,,
,,,,,,,,Tentative,,
,,,,,,,,Tentative,,
,,,,,,,,Tentative,,
,,,,,,,,Tentative,,
,,,,,,,,Tentative,,
,,,,,,,,Tentative,,
,,,,,,,,Tentative,,
,,,,,,,,Tentative,,
,,,,,,,,Tentative,,
,,,,,,,,Tentative,,
,,,,,,,,Tentative,,
,,,,,,,,Tentative,,
,,,,,,,,Tentative,,
,,,,,,,,Tentative,,
,,,,,,,,Tentative,,
,,,,,,,,Tentative,,
,,,,,,,,Tentative,,
,,,,,,,,Tentative,,
,,,,,,,,Tentative,,
,,,,,,,,Tentative,,
,,,,,,,,Tentative,,
,,,,,,,,Tentative,,
,,,,,,,,Tentative,,
,,,,,,,,Tentative,,
,,,,,,,,Tentative,,
,,,,,,,,Tentative,,
,,,,,,,,Tentative,,
,,,,,,,,Tentative,,
,,,,,,,,Tentative,,
,,,,,,,,Tentative,,
,,,,,,,,Tentative,,
,,,,,,,,Tentative,,
,,,,,,,,Tentative,,
,,,,,,,,Tentative,,
,,,,,,,,Tentative,,
,,,,,,,,Tentative,,
,,,,,,,,Tentative,,
,,,,,,,,Tentative,,
,,,,,,,,Tentative,,
,,,,,,,,Tentative,,
,,,,,,,,Tentative,,
,,,,,,,,Tentative,,
,,,,,,,,Tentative,,
,,,,,,,,Tentative,,
,,,,,,,,Tentative,,
,,,,,,,,Tentative,,
,,,,,,,,Tentative,,
,,,,,,,,Tentative,,
,,,,,,,,Tentative,,
,,,,,,,,Tentative,,
,,,,,,,,Tentative,,
,,,,,,,,Tentative,,
,,,,,,,,Tentative,,
,,,,,,,,Tentative,,
,,,,,,,,Tentative,,
,,,,,,,,Tentative,,
,,,,,,,,Tentative,,
,,,,,,,,Tentative,,
,,,,,,,,Tentative,,
,,,,,,,,Tentative,,
,,,,,,,,Tentative,,
,,,,,,,,Tentative,,
,,,,,,,,Tentative,,
,,,,,,,,Tentative,,
,,,,,,,,Tentative,,
,,,,,,,,Tentative,,
,,,,,,,,Tentative,,
,,,,,,,,Tentative,,
,,,,,,,,Tentative,,
,,,,,,,,Tentative,,
,,,,,,,,Tentative,,
,,,,,,,,Tentative,,
,,,,,,,,Tentative,,
,,,,,,,,Tentative,,
,,,,,,,,Tentative,,
,,,,,,,,Tentative,,
,,,,,,,,Tentative,,
,,,,,,,,Tentative,,
,,,,,,,,Tentative,,
,,,,,,,,Tentative,,
,,,,,,,,Tentative,,
,,,,,,,,Tentative,,
,,,,,,,,Tentative,,
,,,,,,,,Tentative,,
,,,,,,,,Tentative,,
,,,,,,,,Tentative,,
,,,,,,,,Tentative,,
,,,,,,,,Tentative,,
,,,,,,,,Tentative,,
,,,,,,,,Tentative,,
,,,,,,,,Tentative,,
,,,,,,,,Tentative,,
,,,,,,,,Tentative,,
,,,,,,,,Tentative,,
,,,,,,,,Tentative,,
,,,,,,,,Tentative,,
,,,,,,,,Tentative,,
,,,,,,,,Tentative,,
,,,,,,,,Tentative,,
,,,,,,,,Tentative,,
,,,,,,,,Tentative,,
,,,,,,,,Tentative,,
,,,,,,,,Tentative,,
,,,,,,,,Tentative,,
,,,,,,,,Tentative,,
,,,,,,,,Tentative,,
,,,,,,,,Tentative,,
,,,,,,,,Tentative,,
,,,,,,,,Tentative,,
,,,,,,,,Tentative,,
,,,,,,,,Tentative,,
,,,,,,,,Tentative,,
,,,,,,,,Tentative,,
,,,,,,,,Tentative,,
,,,,,,,,Tentative,,
,,,,,,,,Tentative,,
,,,,,,,,Tentative,,
,,,,,,,,Tentative,,
,,,,,,,,Tentative,,
,,,,,,,,Tentative,,
,,,,,,,,Tentative,,
,,,,,,,,Tentative,,
,,,,,,,,Tentative,,
,,,,,,,,Tentative,,
,,,,,,,,Tentative,,
,,,,,,,,Tentative,,
,,,,,,,,Tentative,,
,,,,,,,,Tentative,,
,,,,,,,,Tentative,,
,,,,,,,,Tentative,,
,,,,,,,,Tentative,,
,,,,,,,,Tentative,,
,,,,,,,,Tentative,,
,,,,,,,,Tentative,,
,,,,,,,,Tentative,,
,,,,,,,,Tentative,,
,,,,,,,,Tentative,,
,,,,,,,,Tentative,,
,,,,,,,,Tentative,,
,,,,,,,,Tentative,,
,,,,,,,,Tentative,,
,,,,,,,,Tentative,,
,,,,,,,,Tentative,,
,,,,,,,,Tentative,,
,,,,,,,,Tentative,,
,,,,,,,,Tentative,,
,,,,,,,,Tentative,,
,,,,,,,,Tentative,,
,,,,,,,,Tentative,,
,,,,,,,,Tentative,,
,,,,,,,,Tentative,,
,,,,,,,,Tentative,,
,,,,,,,,Tentative,,
,,,,,,,,Tentative,,
,,,,,,,,Tentative,,
,,,,,,,,Tentative,,
,,,,,,,,Tentative,,
,,,,,,,,Tentative,,
,,,,,,,,Tentative,,
,,,,,,,,Tentative,,
,,,,,,,,Tentative,,
,,,,,,,,Tentative,,
,,,,,,,,Tentative,,
,,,,,,,,Tentative,,
,,,,,,,,Tentative,,
,,,,,,,,Tentative,,
,,,,,,,,Tentative,,
,,,,,,,,Tentative,,
,,,,,,,,Tentative,,
,,,,,,,,Tentative,,
,,,,,,,,Tentative,,
,,,,,,,,Tentative,,
,,,,,,,,Tentative,,
,,,,,,,,Tentative,,
,,,,,,,,Tentative,,
,,,,,,,,Tentative,,
,,,,,,,,Tentative,,
,,,,,,,,Tentative,,
,,,,,,,,Tentative,,
,,,,,,,,Tentative,,
,,,,,,,,Tentative,,
,,,,,,,,Tentative,,
,,,,,,,,Tentative,,
,,,,,,,,Tentative,,
,,,,,,,,Tentative,,
,,,,,,,,Tentative,,
,,,,,,,,Tentative,,
,,,,,,,,Tentative,,
,,,,,,,,Tentative,,
,,,,,,,,Tentative,,
,,,,,,,,Tentative,,
,,,,,,,,Tentative,,
,,,,,,,,Tentative,,
,,,,,,,,Tentative,,
,,,,,,,,Tentative,,
,,,,,,,,Tentative,,
,,,,,,,,Tentative,,
,,,,,,,,Tentative,,
,,,,,,,,Tentative,,
,,,,,,,,Tentative,,
,,,,,,,,Tentative,,
,,,,,,,,Tentative,,
,,,,,,,,Tentative,,
,,,,,,,,Tentative,,
,,,,,,,,Tentative,,
,,,,,,,,Tentative,,
,,,,,,,,Tentative,,
,,,,,,,,Tentative,,
,,,,,,,,Tentative,,
,,,,,,,,Tentative,,
,,,,,,,,Tentative,,
,,,,,,,,Tentative,,
,,,,,,,,Tentative,,
,,,,,,,,Tentative,,
,,,,,,,,Tentative,,
,,,,,,,,Tentative,,
,,,,,,,,Tentative,,
,,,,,,,,Tentative,,
,,,,,,,,Tentative,,
,,,,,,,,Tentative,,
,,,,,,,,Tentative,,
,,,,,,,,Tentative,,
,,,,,,,,Tentative,,
,,,,,,,,Tentative,,
,,,,,,,,Tentative,,
,,,,,,,,Tentative,,
,,,,,,,,Tentative,,
,,,,,,,,Tentative,,
,,,,,,,,Tentative,,
,,,,,,,,Tentative,,
,,,,,,,,Tentative,,
,,,,,,,,Tentative,,
,,,,,,,,Tentative,,
,,,,,,,,Tentative,,
,,,,,,,,Tentative,,
,,,,,,,,Tentative,,
,,,,,,,,Tentative,,
,,,,,,,,Tentative,,
,,,,,,,,Tentative,,
,,,,,,,,Tentative,,
,,,,,,,,Tentative,,
,,,,,,,,Tentative,,
,,,,,,,,Tentative,,
,,,,,,,,Tentative,,
,,,,,,,,Tentative,,
,,,,,,,,Tentative,,
,,,,,,,,Tentative,,
,,,,,,,,Tentative,,
,,,,,,,,Tentative,,
,,,,,,,,Tentative,,
,,,,,,,,Tentative,,
,,,,,,,,Tentative,,
,,,,,,,,Tentative,,
,,,,,,,,Tentative,,
,,,,,,,,Tentative,,
,,,,,,,,Tentative,,
,,,,,,,,Tentative,,
,,,,,,,,Tentative,,
,,,,,,,,Tentative,,
,,,,,,,,Tentative,,
,,,,,,,,Tentative,,
,,,,,,,,Tentative,,
,,,,,,,,Tentative,,
,,,,,,,,Tentative,,
,,,,,,,,Tentative,,
,,,,,,,,Tentative,,
,,,,,,,,Tentative,,
,,,,,,,,Tentative,,
,,,,,,,,Tentative,,
,,,,,,,,Tentative,,
,,,,,,,,Tentative,,
,,,,,,,,Tentative,,
,,,,,,,,Tentative,,
,,,,,,,,Tentative,,
,,,,,,,,Tentative,,
,,,,,,,,Tentative,,
,,,,,,,,Tentative,,
,,,,,,,,Tentative,,
,,,,,,,,Tentative,,
,,,,,,,,Tentative,,
,,,,,,,,Tentative,,
,,,,,,,,Tentative,,
,,,,,,,,Tentative,,
,,,,,,,,Tentative,,
,,,,,,,,Tentative,,
,,,,,,,,Tentative,,
,,,,,,,,Tentative,,
,,,,,,,,Tentative,,
,,,,,,,,Tentative,,
,,,,,,,,Tentative,,
,,,,,,,,Tentative,,
,,,,,,,,Tentative,,
,,,,,,,,Tentative,,
,,,,,,,,Tentative,,
,,,,,,,,Tentative,,
,,,,,,,,Tentative,,
,,,,,,,,Tentative,,
,,,,,,,,Tentative,,
,,,,,,,,Tentative,,
,,,,,,,,Tentative,,
,,,,,,,,Tentative,,
,,,,,,,,Tentative,,
,,,,,,,,Tentative,,
,,,,,,,,Tentative,,
,,,,,,,,Tentative,,
,,,,,,,,Tentative,,
,,,,,,,,Tentative,,
,,,,,,,,Tentative,,
,,,,,,,,Tentative,,
,,,,,,,,Tentative,,
,,,,,,,,Tentative,,
,,,,,,,,Tentative,,
,,,,,,,,Tentative,,
,,,,,,,,Tentative,,
,,,,,,,,Tentative,,
,,,,,,,,Tentative,,
,,,,,,,,Tentative,,
,,,,,,,,Tentative,,
,,,,,,,,Tentative,,
,,,,,,,,Tentative,,
,,,,,,,,Tentative,,
,,,,,,,,Tentative,,
,,,,,,,,Tentative,,
,,,,,,,,Tentative,,
,,,,,,,,Tentative,,
,,,,,,,,Tentative,,
,,,,,,,,Tentative,,
,,,,,,,,Tentative,,
,,,,,,,,Tentative,,
,,,,,,,,Tentative,,
,,,,,,,,Tentative,,
,,,,,,,,Tentative,,
,,,,,,,,Tentative,,
,,,,,,,,Tentative,,
,,,,,,,,Tentative,,
,,,,,,,,Tentative,,
,,,,,,,,Tentative,,
,,,,,,,,Tentative,,
,,,,,,,,Tentative,,
,,,,,,,,Tentative,,
,,,,,,,,Tentative,,
,,,,,,,,Tentative,,
,,,,,,,,Tentative,,
,,,,,,,,Tentative,,
,,,,,,,,Tentative,,
,,,,,,,,Tentative,,
,,,,,,,,Tentative,,
,,,,,,,,Tentative,,
,,,,,,,,Tentative,,
,,,,,,,,Tentative,,
,,,,,,,,Tentative,,
,,,,,,,,Tentative,,
,,,,,,,,Tentative,,
,,,,,,,,Tentative,,
,,,,,,,,Tentative,,
,,,,,,,,Tentative,,
,,,,,,,,Tentative,,
,,,,,,,,Tentative,,
,,,,,,,,Tentative,,
,,,,,,,,Tentative,,
,,,,,,,,Tentative,,
,,,,,,,,Tentative,,
,,,,,,,,Tentative,,
,,,,,,,,Tentative,,
,,,,,,,,Tentative,,
,,,,,,,,Tentative,,
,,,,,,,,Tentative,,
,,,,,,,,Tentative,,
,,,,,,,,Tentative,,
,,,,,,,,Tentative,,
,,,,,,,,Tentative,,
,,,,,,,,Tentative,,
,,,,,,,,Tentative,,
,,,,,,,,Tentative,,
,,,,,,,,Tentative,,
,,,,,,,,Tentative,,
,,,,,,,,Tentative,,
,,,,,,,,Tentative,,
,,,,,,,,Tentative,,
,,,,,,,,Tentative,,
,,,,,,,,Tentative,,
,,,,,,,,Tentative,,
,,,,,,,,Tentative,,
,,,,,,,,Tentative,,
,,,,,,,,Tentative,,
,,,,,,,,Tentative,,
,,,,,,,,Tentative,,
,,,,,,,,Tentative,,
,,,,,,,,Tentative,,
,,,,,,,,Tentative,,
,,,,,,,,Tentative,,
,,,,,,,,Tentative,,
,,,,,,,,Tentative,,
,,,,,,,,Tentative,,
,,,,,,,,Tentative,,
,,,,,,,,Tentative,,
,,,,,,,,Tentative,,
,,,,,,,,Tentative,,
,,,,,,,,Tentative,,
,,,,,,,,Tentative,,
,,,,,,,,Tentative,,
,,,,,,,,Tentative,,
,,,,,,,,Tentative,,
,,,,,,,,Tentative,,
,,,,,,,,Tentative,,
,,,,,,,,Tentative,,
,,,,,,,,Tentative,,
,,,,,,,,Tentative,,
,,,,,,,,Tentative,,
,,,,,,,,Tentative,,
,,,,,,,,Tentative,,
,,,,,,,,Tentative,,
,,,,,,,,Tentative,,
,,,,,,,,Tentative,,
,,,,,,,,Tentative,,
,,,,,,,,Tentative,,
,,,,,,,,Tentative,,
,,,,,,,,Tentative,,
,,,,,,,,Tentative,,
,,,,,,,,Tentative,,
,,,,,,,,Tentative,,
,,,,,,,,Tentative,,
,,,,,,,,Tentative,,
,,,,,,,,Tentative,,
,,,,,,,,Tentative,,
,,,,,,,,Tentative,,
,,,,,,,,Tentative,,
,,,,,,,,Tentative,,
,,,,,,,,Tentative,,
,,,,,,,,Tentative,,
,,,,,,,,Tentative,,
,,,,,,,,Tentative,,
,,,,,,,,Tentative,,
,,,,,,,,Tentative,,
,,,,,,,,Tentative,,
,,,,,,,,Tentative,,
,,,,,,,,Tentative,,
,,,,,,,,Tentative,,
,,,,,,,,Tentative,,
,,,,,,,,Tentative,,
,,,,,,,,Tentative,,
,,,,,,,,Tentative,,
,,,,,,,,Tentative,,
,,,,,,,,Tentative,,
,,,,,,,,Tentative,,
,,,,,,,,Tentative,,
,,,,,,,,Tentative,,
,,,,,,,,Tentative,,
,,,,,,,,Tentative,,
,,,,,,,,Tentative,,
,,,,,,,,Tentative,,
,,,,,,,,Tentative,,
,,,,,,,,Tentative,,
,,,,,,,,Tentative,,
,,,,,,,,Tentative,,
,,,,,,,,Tentative,,
,,,,,,,,Tentative,,
,,,,,,,,Tentative,,
,,,,,,,,Tentative,,
,,,,,,,,Tentative,,
,,,,,,,,Tentative,,
,,,,,,,,Tentative,,
,,,,,,,,Tentative,,
,,,,,,,,Tentative,,
,,,,,,,,Tentative,,
,,,,,,,,Tentative,,
,,,,,,,,Tentative,,
,,,,,,,,Tentative,,